source,author,title,description,url,urlToImage,publishedAt,content,sentiment
"{'id': 'business-insider', 'name': 'Business Insider'}",Taylor Rains,"Video shows Southwest plane narrowly avoiding collision with a private jet, triggering FAA investigation","The Southwest plane performed a ""go-around"" to avoid a collision, circling to land safely about 15 minutes later.",https://www.businessinsider.com/southwest-near-miss-private-jet-chicago-midway-runway-video-2025-2,https://i.insider.com/67be276b69253ccddf978c41?width=1200&format=jpeg,2025-02-25T20:46:53Z,"A Southwest Airlines Boeing 737-800 like the one involved in Tuesday's near-miss in Chicago.AaronP/Bauer-Griffin/GC Images
<ul><li>A Southwest Airlines flight narrowly avoided a collision with a pri… [+2182 chars]",-0.1
"{'id': 'business-insider', 'name': 'Business Insider'}","Rebecca Torrence,Taylor Rains",Southwest Airlines is cutting 15% of its workforce in its first-ever mass layoff. Read the CEO's full memo to employees.,"Southwest Airlines said Monday it's doing its first ever mass layoff, cutting 1,750 employees in a bid to boost profitability.",https://www.businessinsider.com/southwest-airlines-memo-layoff-workforce-2025-2,https://i.insider.com/67b3c3f56630eb10385cd405?width=1200&format=jpeg,2025-02-17T23:50:45Z,"Kevin Dietsch/Getty Images
<ul><li>Southwest Airlines is cutting 15% of its corporate workforce, or 1,750 employees, the carrier said.</li><li>They're the first major layoffs in Southwest's 53-year … [+5147 chars]",-0.125
"{'id': None, 'name': 'Gizmodo.com'}",Germain Lussier,The Trailer for Ash Looks Like a Trippy Sci-fi Goodie Bag,Eiza González and Aaron Paul star in the new film from Flying Lotus.,https://gizmodo.com/ash-trailer-elza-gonzalez-flying-lotus-shudder-2000557018,https://gizmodo.com/app/uploads/2025/01/Elza-Gonzalez-Ash.jpg,2025-01-30T17:29:47Z,"Sometimes you watch a trailer and think “Yeah, I’d like to see that right freaking now.” That’s about to happen to you with the new trailer for Ash, the latest film from director and Grammy award-win… [+1753 chars]",0.0
"{'id': 'business-insider', 'name': 'Business Insider'}","Taylor Rains,Benjamin Zhang","Southwest Airlines employees fear it's becoming just any other airline: Big job cuts eat away at its culture, they say.","Southwest Airlines built its success on a unique culture. With the first mass layoffs in company history, some employees fear that culture may die.",https://www.businessinsider.com/southwest-airlines-employees-fear-company-culture-dead-layoffs-2025-2,https://i.insider.com/63979eb7a3bebb0018b42480?width=1086&format=jpeg,2025-02-25T19:14:44Z,"A Southwest Airlines customer watches the airline's fleet of Boeing 737s from a terminal building.Elliott Cowand Jr/Shutterstock
<ul><li>Southwest Airlines has been known for its affordable flights … [+9708 chars]",0.10833333333333334
"{'id': 'business-insider', 'name': 'Business Insider'}",Pete Syme,Southwest and Delta cash in on the Super Bowl with dozens of last-minute flights that don't come cheap,"Southwest Airlines added 31 new flights for the Super Bowl in New Orleans with most tickets costing more than $500, while Delta added seven services.",https://www.businessinsider.com/super-bowl-flights-southwest-delta-new-orleans-philadelphia-kansas-city-2025-1,https://i.insider.com/666c166ced9a404d829db848?width=1200&format=jpeg,2025-01-28T12:35:46Z,"Southwest Airlines added 31 new flights for the Super Bowl weekend.Kevin Carter/Getty Images
<ul><li>Southwest and Delta have added almost 40 flights combined for the Super Bowl in New Orleans.</li>… [+1632 chars]",0.3666666666666667
"{'id': None, 'name': 'Yahoo Entertainment'}",,Red Tide Outbreak Grows Off Southwest Florida,,https://consent.yahoo.com/v2/collectConsent?sessionId=1_cc-session_64fb663f-046e-49f6-8401-0930626767c4,,2025-02-03T22:49:22Z,"If you click 'Accept all', we and our partners, including 239 who are part of the IAB Transparency &amp; Consent Framework, will also store and/or access information on a device (in other words, use … [+702 chars]",0.0
"{'id': None, 'name': 'NPR'}",Russell Lewis,Southwest 737 and small business jet have 'near collision' at Chicago Midway Airport,Federal authorities are investigating a near-collision at Chicago's Midway airport between a Southwest 737 and a small business jet. The 737 was landing when the business jet entered the runway.,https://www.npr.org/2025/02/25/nx-s1-5308201/southwest-737-near-collision-chicago-midway-airport,https://npr.brightspotcdn.com/dims3/default/strip/false/crop/3420x1924+0+0/resize/1400/quality/100/format/jpeg/?url=http%3A%2F%2Fnpr-brightspot.s3.amazonaws.com%2F3d%2F28%2F68c5b7064c59a90cc494c2a77a35%2Fscreenshot-2025-02-25-at-12-59-50-pm.jpg,2025-02-26T00:45:56Z,The Federal Aviation Administration and National Transportation Safety Board say they're investigating a near-collision Monday between a Southwest Airlines 737 and a small business jet at Chicago's M… [+2929 chars],-0.075
"{'id': 'abc-news', 'name': 'ABC News'}","Ayesha Ali, Sam Sweeney",Southwest plane has close call with business jet while landing,A Southwest Airlines plane landed safely at Chicago Midway International Airport after a close call with a business jet.,https://abcnews.go.com/US/southwest-plane-lands-safely-chicago-after-close-call/story?id=119174069,https://i.abcnewsfe.com/a/41302034-100a-40c4-9700-90b60a7ed936/chicago-ht-er-250225_1740509981625_hpMain_16x9.jpg?w=1600,2025-02-25T19:16:34Z,"A Southwest Airlines plane landed safely at Chicago Midway International Airport after a close call with a business jet that ""entered the runway without authorization,"" according to the Federal Aviat… [+823 chars]",0.0
"{'id': 'abc-news', 'name': 'ABC News'}",ABC News,WATCH: Video shows close call between a Southwest plane and a business jet while landing,A Southwest Airlines plane landed safely at Chicago Midway International Airport after a close call with a business jet.,https://abcnews.go.com/Travel/video/video-shows-close-call-southwest-plane-business-jet-119175354,https://i.abcnewsfe.com/a/0d946e4b-290a-4d51-b247-ded6d798b885/250225_DV_CloseCall_hpMain_16x9.jpg?w=992,2025-02-25T19:16:05Z,"<ul><li>Trump administrations federal layoffs face new lawsuit
</li><li>DOGE emails come with a lot of confusion: GOP congressman
</li><li>Secretary Hegseth heads to Guantanamo Bay
</li><li>Pope F… [+4285 chars]",0.0
"{'id': None, 'name': 'Harvard Business Review'}","Mark DesJardine, Elina Tetelbaum",When Activist Investors Ask for Board Seats,"How to balance preparedness, collaboration, and strategic focus.",https://hbr.org/2025/02/when-activist-investors-ask-for-board-seats,https://hbr.org/resources/images/article_assets/2025/02/Feb25_15_96614700.jpg,2025-02-18T14:00:00Z,"In June 2024, Elliott Investment Management announced a $1.9 billion investment in Southwest Airlines. Elliott advocated for strategic changes and leadership replacement, nominating 10 candidates to … [+212 chars]",0.0
"{'id': None, 'name': 'Yahoo Entertainment'}",,Southwest Airlines plane aborts landing to avoid colliding with private jet at Chicago Midway Airport,,https://consent.yahoo.com/v2/collectConsent?sessionId=1_cc-session_f64a3f34-6a6a-4b93-a9b2-9e5af404cd76,,2025-02-25T19:59:19Z,"If you click 'Accept all', we and our partners, including 238 who are part of the IAB Transparency &amp; Consent Framework, will also store and/or access information on a device (in other words, use … [+702 chars]",0.0
"{'id': 'cbs-news', 'name': 'CBS News'}",Nikki Nolan,Maps show NOAA's spring weather outlook across U.S.,"Much of the country is forecast to see warmer-than-average temperatures and drought conditions this spring, according to NOAA.",https://www.cbsnews.com/news/noaa-releases-spring-forecast-temperature-precipitation-drought-outlook/?ftag=YHF4eb9d17,https://s.yimg.com/ny/api/res/1.2/n4ja7f.Okqf99MXe_7fpvg--/YXBwaWQ9aGlnaGxhbmRlcjt3PTEyMDA7aD02NzU-/https://media.zenfs.com/en/cbs_news_897/eaacd5e3a087665f933b43f340b001c2,2025-02-21T17:36:00Z,"As meteorological winter comes to an end, the National Oceanic and Atmospheric Administration's Climate Prediction Center has issued its three-month weather outlook, revealing temperature, precipitat… [+2198 chars]",0.0
"{'id': None, 'name': 'BBC News'}",,UK facing more high winds as Storm Herminia rolls in,Fresh weather warnings come after a second person confirmed killed in Storm Éowyn over the weekend.,https://www.bbc.com/news/articles/c23np9mx5k3o,https://ichef.bbci.co.uk/news/1024/branded_news/37f6/live/a3e6ec10-dbdd-11ef-b4e7-7d7e7f8869dd.jpg,2025-01-26T12:52:03Z,"Lucy Clarke-Billings
Helen Willetts
More high winds and heavy rain are expected on Sunday as a new storm approaches the UK. 
The warning came as a 19-year-old man was confirmed to have died after … [+2843 chars]",0.33
"{'id': None, 'name': 'Yahoo Entertainment'}",Reuters,Southwest Airlines to cut 15% of corporate jobs as part of cost-saving plan,"The reduction also includes leadership positions, Southwest said, adding it would eliminate 11 senior leadership roles - which represents 15% of the...",https://ca.finance.yahoo.com/news/southwest-airlines-cut-15-corporate-231530316.html,https://media.zenfs.com/en/reuters.com/5a5a8bcf4da5cfeec8227752e2c765df,2025-02-17T23:15:30Z,"(Reuters) - Southwest Airlines said on Monday it would cut about 15% of corporate jobs, or about 1,750 roles, as the U.S. budget carrier looks to reduce costs and streamline its organizational struct… [+1537 chars]",0.0
"{'id': None, 'name': 'Kk.org'}",claudia,Remote New Zealand/$15K Hiking Fee/Southwest Airlines to Europe,Nomadico issue #142,https://kk.org/cooltools/remote-new-zealand-15k-hiking-fee-southwest-airlines-to-europe/,,2025-02-06T16:00:00Z,"A weekly newsletter with four quick bites, edited by Tim Leffel, author of A Better Life for Half the Price and The Worlds Cheapest Destinations. See past editions here, where your like-minded friend… [+2371 chars]",0.018181818181818174
"{'id': None, 'name': 'Foxweather.com'}",Steven Yablonski,"Heavy snow, severe weather could rock parts of US as next significant winter storm develops this week","The FOX Forecast Center is closely monitoring the development of the nation’s next significant storm system, which could produce feet of snow across portions...",https://www.foxweather.com/weather-news/us-winter-storm-snow-severe-weather-january-2025,https://media.zenfs.com/en/fox_weather_articles_483/87bdbb5672a48a6894d56689ea39a101,2025-01-26T14:51:18Z,"The FOX Forecast Center is closely monitoring the development of the nations next significant storm system, which could produce feet of snow across portions of the Southwest and Plains, while severe … [+2249 chars]",0.05833333333333333
"{'id': None, 'name': 'NPR'}",Joe Hernandez,Frigid temperatures and snow are expected across the U.S. this week,"A high-pressure system is pushing Arctic air into the central U.S. this week. Much of the country will experience plunging temperatures, while states such as Kansas and Missouri could see heavy snow.",https://www.npr.org/2025/02/17/nx-s1-5299967/frigid-temperatures-arctic-blast-wind-chills,https://npr.brightspotcdn.com/dims3/default/strip/false/crop/650x366+0+19/resize/1400/quality/100/format/jpeg/?url=http%3A%2F%2Fnpr-brightspot.s3.amazonaws.com%2F7f%2F67%2F2fde92c24c6ea98e41ff384dab20%2Fnws-graphic-promo-1.jpg,2025-02-17T18:17:21Z,"Frigid weather is in store for millions of Americans this week, with an encroaching blast of bitterly cold air expected to cause record-low temperatures and potentially deadly conditions in some area… [+1724 chars]",-0.5
"{'id': 'abc-news', 'name': 'ABC News'}",Luke Barr,Apprehensions along the southwestern border plummeted in January: CBP,"The number of apprehensions alog the southwestern U.S. border plummeted by a third during January, according to statistics obtained by ABC News on Tuesday.",https://abcnews.go.com/Politics/apprehensions-southwestern-border-plummeted-january-cbp/story?id=118908684,https://i.abcnewsfe.com/a/e697c2d7-8fe9-434a-80fd-bad75ac96b02/border-3-gty-gmh-250124_1737744008147_hpMain_16x9.jpg?w=1600,2025-02-18T21:00:41Z,"The number of apprehensions along the southwestern U.S. border plummeted by a third during January, according to statistics obtained by ABC News on Tuesday.
There were 61,465 apprehensions along the… [+2065 chars]",0.0
"{'id': None, 'name': 'Gizmodo.com'}",Margherita Bassi,Scientists Debunk Claim That Iran’s 2024 Earthquake Was a Nuclear Weapons Test,"Minutes after a magnitude 4.5 earthquake hit Iran on October 5, 2024, rumors swirled that it wasn’t natural—claims that scientists have now shown to be false.",https://gizmodo.com/scientists-debunk-claim-that-irans-2024-earthquake-was-a-nuclear-weapons-test-2000558984,https://gizmodo.com/app/uploads/2025/02/map-with-seismometers.png,2025-02-09T11:00:36Z,"On October 5, 2024, Iran was struck by an earthquake. Just minutes later, rumors began to spread on social media that it hadnt been a natural event, but a secret Iranian nuclear weapons test.
Now, r… [+5063 chars]",0.0
"{'id': None, 'name': 'Yahoo Entertainment'}",,"WATCH: Southwest plane, jet narrowly avoid collision at Chicago’s Midway Airport",,https://consent.yahoo.com/v2/collectConsent?sessionId=1_cc-session_6ad6e88d-0915-4a59-970f-a40c37e04bc0,,2025-02-25T20:33:06Z,"If you click 'Accept all', we and our partners, including 238 who are part of the IAB Transparency &amp; Consent Framework, will also store and/or access information on a device (in other words, use … [+702 chars]",-0.2
"{'id': None, 'name': 'Yahoo Entertainment'}",,Southwest jet narrowly avoids colliding with business jet at Chicago airport,,https://consent.yahoo.com/v2/collectConsent?sessionId=1_cc-session_52ab8e83-10c5-4b9a-9007-189c104f6ca7,,2025-02-25T18:27:44Z,"If you click 'Accept all', we and our partners, including 238 who are part of the IAB Transparency &amp; Consent Framework, will also store and/or access information on a device (in other words, use … [+702 chars]",-0.2
"{'id': 'business-insider', 'name': 'Business Insider'}",Pete Syme,8-hour flightmare after Boeing 737 Max bound for Iceland was diverted to Scotland when strong winds stopped it landing,"The Neos flight twice failed to land during high winds in Iceland and was diverted to Glasgow, about 800 miles away from its intended destination.",https://www.businessinsider.com/flight-diverted-iceland-scotland-aborted-landings-tenerife-neos-winds-2025-2,https://i.insider.com/67a5ed2deb4be2fff9a3e28f?width=1200&format=jpeg,2025-02-07T12:59:24Z,"The incident involved a Neos Boeing 737 Max (not pictured) taking off from Tenerife.Fabrizio Gandolfo/SOPA/Getty Images
<ul><li>A flight from the Canary Islands to Iceland ended up being diverted to… [+2156 chars]",0.4333333333333333
"{'id': None, 'name': 'Detroit Free Press'}","JC Reindl, Detroit Free Press",La Joya Gardens opens on formerly vacant block in SW Detroit,City leaders praised the new La Joya Gardens development as the right way to do housing and combat gentrification.,https://www.freep.com/story/money/business/2025/01/28/la-joya-gardens-detroit-opens/77975618007/,https://s.yimg.com/ny/api/res/1.2/g7brEa5.R7P8Xe6DKwGtIg--/YXBwaWQ9aGlnaGxhbmRlcjt3PTEyMDA7aD05MDA-/https://media.zenfs.com/en/detroit-free-press/d27d2f0f1847d98ae0de36d88098d843,2025-01-28T11:07:07Z,A new 53-unit apartment complex in southwest Detroit near Clark Park had its official grand opening Monday and was praised as the right way to build mixed-income housing in the city and combat gentri… [+4041 chars],0.0
"{'id': None, 'name': 'Themarginalian.org'}",Maria Popova,Edward Abbey on How to Live and How to Die: Immortal Wisdom from the Park Ranger Who Inspired Generations,"The summer after graduating high school, knowing he would face conscription into the military as soon as his eighteenth birthday arrived, Edward Abbey (January 29, 1927–March 14, 1989) set out to get to know the land he was being asked to die for. He hitchhik…",https://www.themarginalian.org/2025/02/19/edward-abbey-live-die/,https://www.themarginalian.org/wp-content/uploads/2025/02/EdwardAbbey_TheMarginalian0.jpg?fit=1200%2C630&ssl=1,2025-02-19T19:01:27Z,"The summer after graduating high school, knowing he would face conscription into the military as soon as his eighteenth birthday arrived, Edward Abbey (January 29, 1927–March 14, 1989) set out to get… [+6106 chars]",0.13636363636363635
"{'id': None, 'name': 'The Points Guy'}",Nick Ewen,Why I flew from Long Beach to Los Angeles via Las Vegas,"Few benefits in the points and miles world are more lucrative than the Southwest Companion Pass. Once earned, you can bring a designated friend or family member on your Southwest Airlines flights — whether your ticket is a revenue booking or a Southwest Rapid…",https://thepointsguy.com/news/long-beach-to-lax-southwest-companion-pass/,https://thepointsguy.global.ssl.fastly.net/us/originals/2025/01/20250130_Long-Beach-to-Los-Angeles-via-Las-Vegas_NEwen_6.jpg,2025-02-13T14:00:36Z,"Few benefits in the points and miles world are more lucrative than the Southwest Companion Pass. Once earned, you can bring a designated friend or family member on your Southwest Airlines flights whe… [+9424 chars]",-0.05
"{'id': None, 'name': 'The Points Guy'}",Tarah Chieffi,‘Luv’ is in the air: Score a free drink if you’re flying Southwest Airlines this Valentine’s Day,"They say nothing in life is free. But if you find yourself on a Southwest Airlines flight this Valentine’s Day, you can prove them (who are “they” anyway?) wrong — while sipping a free premium beverage. Southwest is sharing the love by giving passengers over …",https://thepointsguy.com/news/southwest-free-drink/,https://thepointsguy.global.ssl.fastly.net/us/originals/2025/02/SWA-Valentines.jpg,2025-02-13T14:30:01Z,"They say nothing in life is free. But if you find yourself on a Southwest Airlines flight this Valentine's Day, you can prove them (who are ""they"" anyway?) wrong while sipping a free premium beverage… [+2488 chars]",0.4
"{'id': None, 'name': 'The Points Guy'}",Sean Cudahy,Southwest Airlines’ partnership with Icelandair is live: How to book a connection to Iceland and onto Europe,"Southwest Airlines’ brand-new partnership with Icelandair is officially live and available for booking — but be warned, it’ll be a bit limited for the time being. Beginning Thursday, customers are able to book itineraries featuring connections between Southwe…",https://thepointsguy.com/news/southwest-airlines-icelandair-partnership-how-to-book/,https://thepointsguy.global.ssl.fastly.net/us/originals/2025/01/20250115_Southwest-Airlines-and-Icelandair-partnership-event_SCudahy_1.jpg,2025-02-15T14:00:56Z,"Southwest Airlines' brand-new partnership with Icelandair is officially live and available for booking but be warned, it'll be a bit limited for the time being.
Beginning Thursday, customers are abl… [+3964 chars]",0.13636363636363635
"{'id': 'business-insider', 'name': 'Business Insider'}",Caralynn Matassa,"Meet Loretta Bush, the FBI agent the internet is thirsting over on Netflix's Gabby Petito docuseries","Loretta Bush, an FBI agent who worked on the Gabby Petito case, has gone viral after appearing in Netflix's docuseries about the crime.",https://www.businessinsider.com/who-is-loretta-bush-fbi-agent-gabby-petito-case-netflix-2025-2,https://i.insider.com/67bcc234c832c3638fa50bf5?width=1200&format=jpeg,2025-02-24T23:32:14Z,"Loretta Bush is an FBI agent who worked on the Gabby Petito case.Netflix
<ul><li>FBI agent Loretta Bush participated in Netflix's new docuseries ""American Murder: Gabby Petito.""</li><li>Bush's appea… [+3623 chars]",0.0
"{'id': None, 'name': 'The Points Guy'}",Zach Griff,"Southwest Airlines adds 2 new routes, extends schedule to November","Southwest Airlines is giving flyers a few new options as it extends its schedule through Nov. 1. The Dallas-based carrier announced Thursday that it was adding two new routes as part of its schedule extension. The new routes are San Diego to Fresno, Californi…",https://thepointsguy.com/news/southwest-new-routes-schedule-extension/,https://thepointsguy.global.ssl.fastly.net/us/originals/2024/08/Planes-LGA-12.jpg,2025-02-06T16:00:37Z,"Southwest Airlines is giving flyers a few new options as it extends its schedule through Nov. 1.
The Dallas-based carrier announced Thursday that it was adding two new routes as part of its schedule… [+2006 chars]",0.13636363636363635
"{'id': None, 'name': 'Decaturdaily.com'}","Wes Tomlinson, The Decatur Daily, Ala.","Decatur man stunned, arrested after leading deputies on foot chase in Hartselle",Feb. 15—A Decatur man with a lengthy criminal record faces a resisting arrest charge in Hartselle after running into the woods following a traffic stop last ...,https://www.decaturdaily.com/news/morgan_county/hartselle/decatur-man-stunned-arrested-after-leading-deputies-on-foot-chase-in-hartselle/article_d0750bda-e7f5-11ef-867b-9fc2f81593b4.html,https://s.yimg.com/cv/apiv2/social/images/yahoo_default_logo-1200x1200.png,2025-02-15T13:41:00Z,Feb. 15A Decatur man with a lengthy criminal record faces a resisting arrest charge in Hartselle after running into the woods following a traffic stop last week and soon will face warrants for drug p… [+4506 chars],0.0
"{'id': None, 'name': 'Yahoo Entertainment'}",Aaron Mok,Mega-utility makes unprecedented decision with massive coal plant overhaul: 'Not just ... solar',"""Repurposing Allen’s existing transmission system and infrastructure enables a more efficient clean energy transition.""",https://www.yahoo.com/news/mega-utility-makes-unprecedented-decision-100027316.html,https://s.yimg.com/ny/api/res/1.2/vXq74X9WYwb592Ol3mxghw--/YXBwaWQ9aGlnaGxhbmRlcjt3PTEyMDA7aD02NzU-/https://media.zenfs.com/en/the_cool_down_737/2ccd8ed4f462bd11a6afc212dca54741,2025-01-31T10:00:27Z,"Utility giant Duke Energy is retiring its Allen Steam Station, a coal-fired power plant near Charlotte, North Carolina, to make way for its largest battery storage system, a major step toward cleanin… [+2479 chars]",0.3
"{'id': 'lenta', 'name': 'Lenta'}",Фариза Бацазова,У самолета с пассажирами на борту возникли проблемы с двигателем в небе,У самолета бюджетной авиакомпании Southwest Airlines возникли проблемы с двигателем в небе. Об этом пишет портал Simple Flying,https://lenta.ru/news/2025/02/12/u-samoleta-s-passazhirami-na-bortu-voznikli-problemy-s-dvigatelem-v-nebe/,https://icdn.lenta.ru/images/2025/02/12/15/20250212153454564/share_0e6e279a8db7ef6b7f0a5462599ee939.jpg,2025-02-12T13:53:30Z,"Southwest Airlines . Simple Flying.
Boeing 737700 8 . .
 . , .
 Nordwind Airlines . Boeing 737-800 11 . - , .",0.0
"{'id': 'al-jazeera-english', 'name': 'Al Jazeera English'}",Al Jazeera,"Dozens of soldiers, armed attackers killed in southwest Pakistan violence",Unknown fighters reportedly fire at a vehicle carrying Frontier Corps paramilitaries trying to dismantle a roadblock.,https://www.aljazeera.com/news/2025/2/1/dozens-of-soldiers-armed-attackers-killed-in-southwest-pakistan-violence,https://www.aljazeera.com/wp-content/uploads/2025/02/2024-08-27T132820Z_1950800558_RC2CO9AQGE4P_RTRMADP_3_PAKISTAN-ATTACK-1738408760.jpg?resize=1920%2C1440,2025-02-01T12:08:39Z,"At least 18 paramilitary soldiers and more than 20 armed attackers have been killed in separate incidents across southwestern Pakistan, according to officials and local media reports, as sectarian, e… [+2210 chars]",-0.2
"{'id': 'al-jazeera-english', 'name': 'Al Jazeera English'}",,Southwest airliner aborts landing to avoid collision at Chicago airport,A Southwest Airlines jet aborted its landing in Chicago as a smaller jet crossed the runway in front it.,https://www.aljazeera.com/program/newsfeed/2025/2/25/southwest-airliner-aborts-landing-to-avoid-collision-at-chicago-airport,https://www.aljazeera.com/wp-content/uploads/2025/02/chicago_airport_southwest_airliner_plane_jet_near_miss_streamtime_live-1740508338.jpg?resize=1920%2C1080&quality=80,2025-02-25T18:35:51Z,"NewsFeed
Tower, Southwest 2504, howd that happen? Video shows the moment a Southwest Airlines jet aborted its landing at Chicagos Midway International Airport as a smaller jet crosses the runway in … [+59 chars]",0.0
"{'id': None, 'name': 'TMZ'}",TMZ Staff,"Southwest Plane Just Misses Hitting Private Jet on Airport Runway, on Video","The aviation experience just got a little scarier, if that was even possible -- a major tragedy was narrowly averted this morning on a runway in Chicago. Hold on to your seats -- terrifying footage shows a Southwest Airlines jet plane aborting its…",https://www.tmz.com/2025/02/25/southwest-plane-shocking-near-miss-private-jet-chicago-airport/,https://imagez.tmz.com/image/fa/16by9/2025/02/25/fa0fa0f822934b41a003d939ba4f375b_xl.jpg,2025-02-25T19:15:23Z,"The aviation experience just got a little scarier, if that was even possible -- a major tragedy was narrowly averted this morning on a runway in Chicago.
Hold on to your seats -- terrifying footage … [+1148 chars]",0.0
"{'id': None, 'name': 'The Points Guy'}",Zach Griff,Southwest just added 31 last-minute Super Bowl flights: How the airline courts sports fans,"If you want to be in New Orleans next weekend to cheer on the Kansas City Chiefs or the Philadelphia Eagles, Southwest Airlines is ready to take you there. The Dallas-based carrier just added 31 new flights for fans traveling to watch the 2025 Super Bowl in N…",https://thepointsguy.com/news/southwest-new-super-bowl-flights/,https://thepointsguy.global.ssl.fastly.net/us/originals/2024/04/Delta-Solar-Eclipse-Airbus-A220-17.jpg,2025-01-27T14:15:16Z,"If you want to be in New Orleans next weekend to cheer on the Kansas City Chiefs or the Philadelphia Eagles, Southwest Airlines is ready to take you there.
The Dallas-based carrier just added 31 new… [+7238 chars]",0.3333333333333333
"{'id': None, 'name': 'The Points Guy'}",Sean Cudahy,Southwest officially enters red-eye era with 5 overnight flights landing Friday morning,"Late each night, scores of flights take off from U.S. West Coast airports, landing on the East Coast early the following morning. Many more jets make late-night departures to fly overnight from Hawaii and Alaska to the U.S. mainland, and from the U.S. to far-…",https://thepointsguy.com/news/southwest-airlines-launches-red-eye-flights/,https://thepointsguy.global.ssl.fastly.net/us/originals/2025/02/sw-redeye-cover-alt.jpeg,2025-02-14T15:25:17Z,"Late each night, scores of flights take off from U.S. West Coast airports, landing on the East Coast early the following morning. Many more jets make late-night departures to fly overnight from Hawai… [+6023 chars]",0.0
"{'id': 'abc-news', 'name': 'ABC News'}",ABC News,WATCH: Thousands of dolphins swim together in California's Monterey Bay,"A rare ""super pod"" of around 3,000 dolphins -- including the elusive northern right whale dolphin -- went out for a swim, with many leaping through into the air.",https://abcnews.go.com/WNT/video/thousands-dolphins-swim-californias-monterey-bay-119189189,https://i.abcnewsfe.com/a/48a7743b-67bf-4612-9c00-6ff48770f78b/250225_wn_dolphins_hpMain_16x9.jpg?w=992,2025-02-26T02:06:18Z,"<ul><li>Pope Francis is in critical but stable condition: Vatican 
</li><li>Resignations and confusion across federal workforce after Musk's email ultimatum 
</li><li>US and Ukraine agree to terms … [+4472 chars]",0.0
"{'id': None, 'name': 'The Cincinnati Enquirer'}","Kaycee Sloan and Chad Murphy, Cincinnati Enquirer",When is the first day of spring? What to know about the spring equinox,"After subzero temperatures and copious amounts of snow this winter, it's safe to say Cincinnati is ready for warmer weather.",https://www.cincinnati.com/story/news/2025/02/16/when-is-first-day-of-spring-2025/78525306007/,https://s.yimg.com/ny/api/res/1.2/4XMFwiMLozEKFp4OwPVV1A--/YXBwaWQ9aGlnaGxhbmRlcjt3PTEyMDA7aD04NTc-/https://media.zenfs.com/en/the_enquirer_natl_articles_358/07af4d1e1b39f0b558df4dca98ef7466,2025-02-16T05:10:25Z,"After subzero temperatures and copious amounts of snow this winter, it's safe to say Cincinnati is ready for warmer weather, but how soon could we expect temperatures to rise?
On Feb. 2, Pennsylvani… [+2981 chars]",0.25
"{'id': None, 'name': 'Palm Beach Post'}","Hannah Phillips, Palm Beach Post",A lawyer's self-driving Tesla killed a motorcyclist. Here's how long he'll spend in prison,Boca Raton attorney Richard Dorfman's Tesla reached a speed of 104 mph seconds before the August 2022 crash that killed Ingrid Noon.,https://www.palmbeachpost.com/story/news/crime/2025/02/12/boca-raton-attorney-richard-dorfman-who-killed-motorcyclist-ingrid-noon-tesla-gets-2-year-plea-deal/78411624007/,https://s.yimg.com/ny/api/res/1.2/ResM65f.y4cGeEMVKH5yEg--/YXBwaWQ9aGlnaGxhbmRlcjt3PTEyMDA7aD04MDI-/https://media.zenfs.com/en/palm_beach_post_natl_articles_437/af5c64fcf3fa95635b5b7b18ed5fe36d,2025-02-12T10:14:04Z,"WEST PALM BEACH An attorney who rear-ended a motorcyclist in suburban Boca Raton with his self-driving Tesla will spend two years in prison for her death.
Richard Daniel Dorfman, 42, pleaded guilty … [+3400 chars]",-0.125
"{'id': None, 'name': 'NPR'}",Brittney Melton,"Trump's funding freeze threatens key river. And, U.S. votes against Ukraine peace plan","Trump's funding freezes could threaten the Colorado River. Some money was intended to keep the shrinking river flowing. And, the U.S. voted against a U.N. peace resolution for Ukraine.",https://www.npr.org/2025/02/25/g-s1-50573/up-first-newsletter-colorado-river-un-ukraine-resolution,https://npr.brightspotcdn.com/dims3/default/strip/false/crop/5154x2899+0+240/resize/1400/quality/100/format/jpeg/?url=http%3A%2F%2Fnpr-brightspot.s3.amazonaws.com%2Fb1%2F9f%2Fc65b21e74acba457a8d7c5c64d6e%2Fgettyimages-1494411405.jpg,2025-02-25T11:56:59Z,"Good morning. You're reading the Up First newsletter. Subscribe here to get it delivered to your inbox, and listen to the Up First podcast for all the news you need to start your day.
Today's top st… [+5510 chars]",0.0
"{'id': 'business-insider', 'name': 'Business Insider'}",Megan duBois,I've stayed at every Disney hotel in the United States. These are my top 5 picks.,"After staying at every Disney hotel in the United States, five stand out as the best, including Aulani and budget-friendly Coronado Springs Resort.",https://www.businessinsider.com/best-disney-hotels-in-us-stayed-at-all,https://i.insider.com/6774671be5726ab18d0e380c?width=1134&format=jpeg,2025-02-02T13:16:02Z,"Aulani, a Disney Resort and Spa, is in Hawaii.Megan duBois
<ul><li>I've stayed at every Disney hotel in the United States, and there are five I especially love.</li><li>I love Animal Kingdom Lodge a… [+4433 chars]",0.5
"{'id': 'business-insider', 'name': 'Business Insider'}",Eibhlis Gale-Coleman,I've been traveling to Ireland for decades. Here are my top 5 places to visit that aren't Dublin.,"My family is Irish, and I pretty much know the country like the back of my hand after decades of visits. Beyond Dublin, go to Galway and Cork.",https://www.businessinsider.com/where-to-go-in-ireland-not-dublin-tips-frequent-traveler,https://i.insider.com/67accfe66630eb10385c627f?width=1200&format=jpeg,2025-02-16T12:26:01Z,"There ar plenty of places to explore in Ireland outside Dublin.Eibhlis Gale-Coleman
<ul><li>My family is from Ireland, and I've been visiting the country for decades.</li><li>Dublin is great, but th… [+5105 chars]",0.5
"{'id': 'business-insider', 'name': 'Business Insider'}","Taylor Rains,Benjamin Zhang","Washington, DC, plane crash thrusts high-stakes role of air traffic control into the spotlight","Sen. Tammy Duckworth, an ex-Army Black Hawk pilot, said communications between airline and military pilots usually go through air traffic control.",https://www.businessinsider.com/dc-plane-crash-atc-spotlight-investigation-ntsb-2025-1,https://i.insider.com/679be273eb4be2fff9a2fe6b?width=1200&format=jpeg,2025-01-30T21:50:32Z,"The American Airlines crash has brought into question the safety and complexities of air traffic control.Al Drago/Getty Images
<ul><li>An American Airlines flight collided with a helicopter, raising… [+4505 chars]",0.0
"{'id': None, 'name': 'NPR'}",Raina Douris,Acadiana Music Showcase: Marc Broussard,The singer-songwriter has been a force of Southwest Louisiana music for more than two decades now.,https://www.npr.org/2025/02/18/1232304355/acadiana-music-showcase-marc-broussard,https://media.npr.org/assets/img/2025/02/18/marcbroussard-2-1080x1480crop_wide-68784ab79c9fbfc444d47e9a3748b829c6a369c7.jpg?s=1400&c=100&f=jpeg,2025-02-18T18:55:10Z,"Marc Broussard
Courtesy of the artist
<ul><li>""Give You the World""</li><li>""Cry to Me""</li><li>""You Deserve More""</li></ul>
Louisiana's Cajun Country is one of the most unique areas of the United … [+1753 chars]",0.0
"{'id': 'lenta', 'name': 'Lenta'}",Зарина Дзагоева,Сотрудники авиакомпании создали чат для сплетен о коллегах и нарвались на расследование,Сотрудники нидерландской авиакомпании KLM создали общий чат в WhatsApp для сплетен о коллегах и нарвались на расследование. Об этом сообщает PYOK,https://lenta.ru/news/2025/02/07/sotrudniki-aviakompanii-sozdali-chat-dlya-spleten-o-kollegah-i-narvalis-na-rassledovanie/,https://icdn.lenta.ru/images/2025/02/07/14/20250207142425518/share_90f6e49b18f77f820ff6fbd404510e67.jpg,2025-02-07T11:58:24Z,"KLM WhatsApp . PYOK.
, «» , , .
 , , .
 Southwest Airlines , . , , .",0.0
"{'id': 'lenta', 'name': 'Lenta'}",Фариза Бацазова,В самолете с россиянами на борту возникли проблемы с двигателем,В самолете российской авиакомпании «Азимут» возникли проблемы с двигателем. Об этом пишет Telegram-канал Aviaincident,https://lenta.ru/news/2025/02/14/v-samolete-s-rossiyanami-na-bortu-voznikli-problemy-s-dvigatelem/,https://icdn.lenta.ru/images/2025/02/14/15/20250214151516559/share_3685bbb09d354e19c8ce274f3f687a52.jpg,2025-02-14T15:06:20Z,"«» . Telegram- Aviaincident.
 , 14 .
 , - .
 Southwest Airlines . Boeing 737700 8 . .",0.0
"{'id': None, 'name': 'Windows Central'}",lowryb3865@gmail.com (Brendan Lowry),Kingdom Come: Deliverance 2 pays homage to an iconic Elden Ring hero with this amazing easter egg — here's where you'll find it,"Kingdom Come: Deliverance 2's open world is full of special secrets, and this easter egg will delight Elden Ring players in particular.",https://www.windowscentral.com/gaming/kingdom-come-deliverance-2-pays-homage-to-an-iconic-elden-ring-hero-with-this-amazing-easter-egg-heres-where-youll-find-it,https://cdn.mos.cms.futurecdn.net/kRR7vYS6r7XgAHqhnnkUhA-1200-80.jpg,2025-02-06T00:40:59Z,"To say that the open world of Kingdom Come: Deliverance 2 is vast would be an understatement. The game's pair of maps are truly gargantuan, with double the size of the original game's world space in … [+2915 chars]",0.55
"{'id': None, 'name': 'FOX 31 Denver'}",Brooke Williams,"Over 300 flights delayed, 16 canceled at Denver airport after ground stop",Over a hundred flights are delayed and more than a dozen are canceled Saturday after a ground stop was lifted at the Denver International Airport.,https://kdvr.com/news/local/over-100-flights-delayed-14-canceled-at-denver-airport-after-ground-stop/,https://media.zenfs.com/en/kdvr_denver_articles_499/89683fb2023f81f0dc29742d0db70eef,2025-02-15T16:30:04Z,"DENVER (KDVR) Over a hundred flights are delayed and more than a dozen are canceled Saturday after a ground stop was lifted at the Denver International Airport.
Saturday is a Pinpoint Weather Alert … [+1421 chars]",0.0
"{'id': 'buzzfeed', 'name': 'Buzzfeed'}",Negesti Kaudo,"No Matter The Season, These 34 Problem-Solving Items Will *Always* Be Useful","*Sings* Winter, spring, summer, or fall...all the problems that you can solve...View Entire Post ›",https://www.buzzfeed.com/negestikaudo/problem-solving-items-thatll-always-be-useful,"https://img.buzzfeed.com/buzzfeed-static/static/2025-02/10/22/enhanced/8f44e01821a5/original-503-1739226226-2.jpg?crop=2999:1573;0,0%26downsize=1250:*",2025-02-23T10:01:04Z,"Promising reviews: ""We retired to the Southwest US, which is just a huge dust bowl. I didnt want to be breathing in the dust, and I absolutely hate to dust furniture. So I researched air purifiers an… [+1974 chars]",0.3
"{'id': 'abc-news', 'name': 'ABC News'}","Mireya Villarreal, James Scholz",First border patrol embed with the new Trump administration: Reporter's notebook,The coordination between agents on both sides is unlike anything we've seen.,https://abcnews.go.com/US/border-patrol-embed-new-trump-administration-reporters-notebook/story?id=118244375,https://i.abcnewsfe.com/a/4b6d4e24-dff7-4a70-8aee-7e7e0a010ca0/cbp-abc-jt-250129_1738195639378_hpMain_16x9.jpg?w=1600,2025-01-30T14:58:30Z,"As the sun rises in El Paso, our convoy heads up Mount Cristo Rey. We are riding shotgun with border patrol agents as they drive us along the state line, where Texas turns into New Mexico and both st… [+2697 chars]",0.19318181818181818
"{'id': None, 'name': '9to5Mac'}",Ryan Christoffel,Virgin Atlantic now supports AirTag’s new feature for finding lost luggage,"Lost luggage can be a nightmare, but AirTags make the process of finding that luggage much simpler. And thanks to the new Find My feature introduced in iOS 18.2, you can now share your luggage’s location with airlines. Today, Virgin Atlantic has announced it …",https://9to5mac.com/2025/02/06/virgin-atlantic-now-supports-airtags-new-feature-for-finding-lost-luggage/,https://i0.wp.com/9to5mac.com/wp-content/uploads/sites/6/2022/08/airtag-checked-luggage-1.jpg?resize=1200%2C628&quality=82&strip=all&ssl=1,2025-02-06T16:28:48Z,"Lost luggage can be a nightmare, but AirTags make the process of finding that luggage much simpler. And thanks to the new Find My feature introduced in iOS 18.2, you can now share your luggages locat… [+1836 chars]",0.13636363636363635
"{'id': 'abc-news', 'name': 'ABC News'}","Mary Kekatos, Youri Benadjaoud",This state is facing the largest tuberculosis outbreak in US history,Kansas is currently facing the largest recorded tuberculosis outbreak in U.S. history with 67 confirmed active cases and 79 confirmed latent cases.,https://abcnews.go.com/Health/kansas-faces-largest-tuberculosis-outbreak-us-history-health/story?id=118174420,https://i.abcnewsfe.com/a/3ebd69a1-3400-4c13-ac13-ddbc2910cb33/tuberculosis-STOCK-gty-jef-250128_1738073167572_hpMain_16x9.jpg?w=1600,2025-01-28T15:54:29Z,"Kansas is facing the largest recorded tuberculosis outbreak in U.S. history, according to local health officials.
As of Jan. 24, there have been 67 confirmed cases of active TB including 60 in Wyand… [+2971 chars]",0.0
"{'id': None, 'name': 'Scientific American'}",Andrea Thompson,Why Temperatures Swung 90 Degrees in Parts of U.S.,Much of the U.S. has swung from temperatures in the –30s and –40s Fahrenheit to balmy weather in the 60s and 70s F,https://www.scientificamerican.com/article/why-temperatures-swung-90-degrees-in-parts-of-u-s/,https://static.scientificamerican.com/dam/m/58b76f88706998e3/original/ice_along_shore_of_lake_michigan_chicago.jpg?m=1740434216.452&w=1200,2025-02-24T22:10:00Z,"Last week people in eastern Nebraska experienced freezing temperatures in the –30s Fahrenheit and wind chills in the –60s F. Schools were cancelled because of the extreme Arctic chill. Then, on Sunda… [+2100 chars]",0.0
"{'id': None, 'name': 'Rolling Stone'}",Jon Blistein,Cheech and Chong Hit the Road — and the Joint — One Last Time in New Doc Trailer,Cheech & Chong's Last Movie explores the duo's legendary career and follows them on a road trip as they open about their professional and personal relationships,http://www.rollingstone.com/tv-movies/tv-movie-news/cheech-and-chong-last-movie-trailer-1235272791/,https://www.rollingstone.com/wp-content/uploads/2025/02/GettyImages-2079656476.jpg?w=1600&h=900&crop=1,2025-02-19T19:46:52Z,"Cheech and Chong reflect on their trailblazing career in the new trailer for Cheech &amp; Chong’s Last Movie.
Directed by David Bushell, the film is part documentary, part buddy comedy — a “moviemen… [+1563 chars]",0.06818181818181818
"{'id': None, 'name': 'Science Daily'}",,Mega-iceberg from Antarctica on collision course with South Georgia: Harbinger of things to come?,"It is no strange sight to see icebergs break off of the Antarctic ice cap and drift away, like the gigantic sheet of ice that is currently heading for the island of South Georgia. But climate change is making it happen more frequently, with ever-larger iceber…",https://www.sciencedaily.com/releases/2025/02/250224111809.htm,https://www.sciencedaily.com/images/scidaily-icon.png,2025-02-24T16:18:09Z,"It is no strange sight to see icebergs break off of the Antarctic ice cap and drift away, like the gigantic sheet of ice that is currently heading for the island of South Georgia. But climate change … [+6074 chars]",0.0
"{'id': None, 'name': 'Naples Daily News'}","Cindy McCurry-Ross, Naples Daily News","Pop open the umbrellas. How much rain is predicted for Naples, Collier County, Florida?",It's been a while since it's rained much in Naples. That should change Monday with the National Weather Service predicting a 80% chance on Monday,https://www.naplesnews.com/story/news/local/2025/02/23/naples-florida-weather-and-rain-forecast-for-monday-feb-24/79895908007/,https://s.yimg.com/ny/api/res/1.2/gYt9mM3y7yZ2i0aVxD4e1w--/YXBwaWQ9aGlnaGxhbmRlcjt3PTEyMDA7aD03NzQ-/https://media.zenfs.com/en/naples-daily-news/c0006f35750e33a31c7f0b3de2d58bf5,2025-02-24T03:11:20Z,"After an active 2024 hurricane season, Southwest Floridians were relieved when it ended and dry season set in.
It hasn't rained much for a while in the Naples area.
That's expected to change Monday… [+4263 chars]",0.1
"{'id': None, 'name': 'Jalopnik'}",staff@jalopnik.com (Ryan Erik King),Airlines Suing For Right To Trash Wheelchairs Without Punishment,Airlines don't like the obligation to pay for replacement wheelchairs and reimburse ground transportation costs when a passenger's wheelchair is damaged.,https://www.jalopnik.com/1796623/airline-lawsuit-end-wheelchair-damage-fines/,https://www.jalopnik.com/img/gallery/airlines-suing-for-right-to-trash-wheelchairs-without-punishment/l-intro-1740163028.jpg,2025-02-21T18:41:48Z,"Donald Trump's return to the Oval Office has many of the country's largest corporations pushing for deregulation, and airlines are certainly included in that group. Every major U.S. airline has partn… [+1044 chars]",0.2857142857142857
"{'id': None, 'name': 'HYPEBEAST'}",info@hypebeast.com (Hypebeast),MANORS' SS25 Collection Was Tested in Arizona,Something about the arid climate makes the Sonoran Desert the perfect setting for a crisply taken photograph. Especially on a cloudless afternoon when the blue skies contrast perfectly with the distinctive red rocks. So it's no surprise that MANORS chose this…,https://hypebeast.com/2025/2/manors-golf-spring-summer-25-collection-drive-to-nowhere,https://image-cdn.hypb.st/https%3A%2F%2Fhypebeast.com%2Fimage%2F2025%2F02%2F18%2Fmanors-golf-spring-summer-25-collection-drive-to-nowhere-tw.jpg?w=1080&cbr=1&q=90&fit=max,2025-02-19T13:49:15Z,Something about the arid climate makes the Sonoran Desert the perfect setting for a crisply taken photograph. Especially on a cloudless afternoon when the blue skies contrast perfectly with the disti… [+1359 chars],0.0
"{'id': 'time', 'name': 'Time'}",Associated Press,A Polar Vortex Is Stretching Across the U.S. Here’s What to Expect,The National Weather Service warned of “life-threatening cold” into Tuesday.,https://time.com/7242848/us-polar-vortex-what-to-expect/,https://api.time.com/wp-content/uploads/2025/02/AP25047619806775.jpg?quality=85&w=1200&h=628&crop=1,2025-02-17T14:38:26Z,"LOUISVILLE, Ky. Harsh weather moved west on Monday as a polar vortex was expected to grip the Rockies and the northern Plains after winter storms pummeled the eastern U.S. over the weekend, killing a… [+5183 chars]",-0.08333333333333333
"{'id': 'time', 'name': 'Time'}",CHRISTOPHER WEBER and PATRICK WHITTLE / AP,Southern California Hit by Destructive Debris Flows Caused by Heavy Rains,Southern California faces the continued risk of rock and mudslides on wildfire-scarred hillsides.,https://time.com/7225215/southern-california-destructive-debris-flows-heavy-rains/,https://api.time.com/wp-content/uploads/2025/02/AP25045122772981.jpg?quality=85&w=1200&h=628&crop=1,2025-02-14T11:11:46Z,"LOS ANGELES Southern California faces the continued risk of rock and mudslides on wildfire-scarred hillsides Friday, a day after heavy rains sent debris across several roadways, including the Pacific… [+6080 chars]",-0.26666666666666666
"{'id': 'time', 'name': 'Time'}",Simmone Shah,D.C. Plane Crash Puts Spotlight on History of ‘Near Misses’ in the U.S.,The fatal D.C. plane crash has renewed focus on the recent history of crashes and near misses in U.S. airspace.,https://time.com/7211750/dc-plane-crash-near-misses-faa-history/,https://api.time.com/wp-content/uploads/2025/01/GettyImages-2196808857.jpg?quality=85&w=1024&h=628&crop=1,2025-01-30T20:49:15Z,"For decades, the U.S. Federal Aviation Administration (FAA) has considered itself the safest aviation system in the world. When an American Airlines commercial flight carrying passengers from Wichita… [+4099 chars]",0.1
"{'id': 'time', 'name': 'Time'}",BEN FINLEY and JOHN RABY / AP,"Snow, Freezing Rain Pummel Mid-Atlantic While California Prepares for Likely Flooding",The snowstorm that blew into the mid-Atlantic states on Tuesday caused accidents on icy roads and prompted school closures.,https://time.com/7221528/snow-freezing-mid-atlantic-california-prepares-for-flooding/,https://api.time.com/wp-content/uploads/2025/02/AP25042827463046.jpg?quality=85&w=1200&h=628&crop=1,2025-02-12T12:22:26Z,"Snow, sleet and freezing rain were expected to continue pummeling the central Appalachians and mid-Atlantic states Wednesday, while California readied for a storm that could flood areas ravaged by th… [+5160 chars]",0.0
"{'id': None, 'name': 'Biztoc.com'}",apnews.com,Southwest Airlines flight abruptly rises to avoid another plane crossing Chicago runway,"Southwest Airlines flight abruptly rises to avoid another plane crossing Chicago runway
CHICAGO (AP) — Pilots on a Southwest Airlines flight attempting to land at Chicago’s Midway Airport were forced to climb back into the sky to avoid another aircraft crossi…",https://biztoc.com/x/ae902741ad6a2062,https://biztoc.com/cdn/906/og.png,2025-02-25T23:17:03Z,Southwest Airlines flight abruptly rises to avoid another plane crossing Chicago runwayCHICAGO (AP) Pilots on a Southwest Airlines flight attempting to land at Chicagos Midway Airport were forced to … [+143 chars],-0.125
"{'id': None, 'name': 'Biztoc.com'}",benzinga.com,A Look Into Southwest Airlines Inc's Price Over Earnings,"In the current session, Southwest Airlines Inc. (NYSE:LUV) is trading at $29.80, after a 0.27% drop. Over the past month, the stock fell by 7.65%, and in the past year, by 12.47%. With performance like this, long-term shareholders are more likely to start loo…",https://biztoc.com/x/7ca77649832abe26,https://biztoc.com/cdn/7ca77649832abe26_s.webp,2025-02-13T18:07:10Z,"In the current session, Southwest Airlines Inc. (NYSE:LUV) is trading at $29.80, after a 0.27% drop. Over the past month, the stock fell by 7.65%, and in the past year, by 12.47%. With performance li… [+141 chars]",0.0
"{'id': None, 'name': 'Rocketnews24.com'}",砂子間正貫,【豪華商品が必ず当たる】高速道路のSAで見つけた「ふるさとガチャ（1000円）」を回してみた / 当たりは「北海道 ズワイガニ2尾」「あきたこまち10kg」など,最近のガチャガチャは種類がとても豊富で景品の完成度・再現度が高い。ショッピングモールのガチャ専門店が賑わっているのもそのためだ。大人も熱中してしまうほど魅力的な景品が入っている……しかし。 1000円ガチャだけは違う。ア […],https://rocketnews24.com/2025/02/18/2418547/,https://rocketnews24.com/wp-content/uploads/sites/2/2025/02/IMG_4626.jpg?crop=0px%2C184px%2C1300px%2C683px&resize=1200%2C630,2025-02-18T00:00:30Z,"100010001000
1000
1000
1000
1000
SA100022
3001000
1000
2 1 36
Southwest Grand Hotel10kg
100
1000
100011000
PhotoRocketNews24.",0.0
"{'id': None, 'name': 'Viewfromthewing.com'}",Gary Leff,Southwest Airlines Cuts Drink Service On 40-Minute Flights; Now Requires Stowing Laptops Earlier,"In the fall, I was first to report that Southwest Airlines would end onboard service earlier, and make passengers stow their laptops earlier. This means less time where service is available on board, and as a result Southwest is cutting drink service entirely…",https://viewfromthewing.com/southwest-airlines-cuts-drink-service-on-40-minute-flights-now-requires-stowing-laptops-earlier/,https://viewfromthewing.com/wp-content/uploads/2024/11/southwest-bamboo-cup-alcohol.jpg,2025-02-03T13:04:23Z,"In the fall, I was first to report that Southwest Airlines would end onboard service earlier, and make passengers stow their laptops earlier. They argued that requiring passengers to prepare for land… [+2535 chars]",0.0
"{'id': None, 'name': 'GameSpot'}",James Carr,Avowed - Painter's Regret Treasure Map Location,"Throughout Avowed you can find treasure maps, which provide a painted image of a location where unique loot can be found. In the Emerald Stair, you can find the Painter's Regret treasure map. It's inside a farmhouse in the southeast area of Emerald Stair call…",https://www.gamespot.com/articles/avowed-painters-regret-treasure-map-location/1100-6529527/,https://www.gamespot.com/a/uploads/screen_kubrick/1599/15997278/4445422-painter%27sregret1.jpeg,2025-02-18T17:50:00Z,"Throughout Avowed you can find treasure maps, which provide a painted image of a location where unique loot can be found. In the Emerald Stair, you can find the Painter's Regret treasure map. It's in… [+1340 chars]",0.0
"{'id': None, 'name': 'Science Daily'}",,"Economically, culturally important marine species vulnerable to changing climate","Dungeness crab, Pacific herring, and red abalone are among the marine species most vulnerable to the changing climate's effect on California's coastal waters, a new study finds. The team seeks to help the California Department of Fish and Wildlife (CDFW) in i…",https://www.sciencedaily.com/releases/2025/02/250212151139.htm,https://www.sciencedaily.com/images/scidaily-icon.png,2025-02-12T20:11:39Z,"Dungeness crab, Pacific herring, and red abalone are among the marine species most vulnerable to the changing climate's effect on California's coastal waters, a new study led by UC Santa Cruz researc… [+6254 chars]",-0.04999999999999999
"{'id': None, 'name': 'Deadline'}",Pete Hammond,‘Rebuilding’ Review: Josh O’Connor Tries To Find Home Again After Losing Everything In Tragic Fire In Moving And Timely Drama – Sundance Film Festival,"Talk about timely. In what is a movie that looks tailor-made to debut at the Sundance Film Festival, British actor Josh O’Connor tries on an American Southwest accent to take on the role of Colorado rancher, Dusty, whose life (along with his few neighbors in …",http://deadline.com/2025/01/rebuilding-review-josh-oconnor-loses-everything-fire-sundance-film-festival-1236268148/,https://deadline.com/wp-content/uploads/2025/01/MV5BYmIxOTEyYTktMTJmMS00OWM4LTgzMjktZWNlZGYyMDUyZTdjXkEyXkFqcGc@._V1_FMjpg_UX1000_.jpg?w=1000,2025-01-27T00:00:00Z,"Talk about timely.
In what is a movie that looks tailor-made to debut at the Sundance Film Festival, British actor Josh O’Connor tries on an American Southwest accent to take on the role of Colorado… [+4455 chars]",-0.425
"{'id': None, 'name': 'Deadline'}",anthonypauldalessandro,SXSW Rounds Out 2025 Film Lineup: Jacob Elordi Pic ‘On Swift Horses’ Closing Fest; Jillian Bell’s ‘Summer Of 69’ Making World Premiere,"South by Southwest has rounded out its film lineup for the 2025 edition, while also announcing that Daniel Minahan’s On Swift Horses will close the Film & TV Festival in its U.S. premiere. Daisy Edgar-Jones, Jacob Elordi and Will Poulter starring movie follow…",http://deadline.com/2025/02/sxsw-jacob-elordi-on-swift-horses-film-lineup-1236279078/,https://deadline.com/wp-content/uploads/2024/09/On-Swift-Horses.jpg?w=1024,2025-02-05T20:00:00Z,"South by Southwest has rounded out its film lineup for the 2025 edition, while also announcing that Daniel Minahan’s On Swift Horses will close the Film &amp; TV Festival in its U.S. premiere. 
Dais… [+11193 chars]",0.0
"{'id': None, 'name': 'Viewfromthewing.com'}",Gary Leff,"Unconfirmed Reports: Southwest Airlines Mulls JetBlue Partnership, 10% Workforce Cut","Southwest Airlines and JetBlue rumors have been swirling all weekend. It's not clear exactly what is going on, but some expect that there will be an announcement on Monday with markets closed for Presidents Day. Another rumor - without a JetBlue component - i…",https://viewfromthewing.com/unconfirmed-reports-southwest-airlines-mulls-jetblue-partnership-10-workforce-cut/,https://viewfromthewing.com/wp-content/uploads/2024/09/southwest-airlines-new-uniforms.jpg,2025-02-16T23:34:24Z,"Southwest Airlines and JetBlue rumors have been swirling all weekend. It’s not clear exactly what is going on, but some expect that there will be an announcement on Monday with markets closed for Pre… [+3048 chars]",0.0
"{'id': None, 'name': 'Archinect'}",Josh Niland,UNStudio's 18T housing block inspires resident interaction in southwest China,"A new project from UNStudio in Chongping, China, that has gained attention as the first WELL Platinum-certified residential project in the country’s Southwest region is being shared by the firm along with photos detailing its ability to deliver a high quality…",https://archinect.com/news/article/150462980/unstudio-s-18t-housing-block-inspires-resident-interaction-in-southwest-china,https://archinect.gumlet.io/uploads/b7/b7d00102cc6c49e99623b7a730d64b92.jpg?fit=crop&auto=compress%2Cformat&enlarge=true&crop=faces&w=1200&h=707,2025-01-30T19:58:00Z,"A new project from UNStudio in Chongping, China, that has gained attention as the first WELL Platinum-certified residential project in the countrys Southwest region is being shared by the firm along … [+2284 chars]",0.0
"{'id': None, 'name': 'Xataka.com'}",Miguel Jorge,El ordenador más potente de la NASA acaba de detectar algo extraño: hay una estructura espiral rodeando el Sistema Solar,"A miles de kilómetros de nuestro planeta hay todo tipo de misterios por descubrir. Algunos acabamos descifrándolos, como esa extraña señal de televisión que tardamos años en resolver, pero otros se mantienen con ese halo de singularidad. En este grupo hay de …",https://www.xataka.com/espacio/ordenador-potente-nasa-acaba-detectar-algo-extrano-hay-estructura-espiral-rodeando-sistema-solar,https://i.blogs.es/8126cd/148751103_ab1e40ff5c_h/840_560.jpeg,2025-02-25T12:01:57Z,"A miles de kilómetros de nuestro planeta hay todo tipo de misterios por descubrir. Algunos acabamos descifrándolos, como esa extraña señal de televisión que tardamos años en resolver, pero otros se m… [+6098 chars]",0.0
"{'id': None, 'name': 'Skift'}",Meghna Maharishi,Southwest Posts Profit Fueled by Strong Holiday Bookings,"Despite pressure to cut costs and an activist investor campaign, Southwest reported a healthy profit for the fourth quarter. 
 -Meghna Maharishi",http://skift.com/2025/01/30/southwest-posts-profit-fueled-by-strong-holiday-bookings/,https://skift.com/wp-content/uploads/2024/07/N464WN-Southwest-Airlines-Boeing-737-7H4-1-scaled-e1720444908918.jpg,2025-01-30T13:48:05Z,"Southwest Airlines posted a profit for the fourth quarter, boosted by strong holiday bookings and travel demand. 
The carrier had a net income of $261 million, compared with a $252 million loss repo… [+1263 chars]",0.4333333333333333
"{'id': None, 'name': '/FILM'}",staff@slashfilm.com (Pauli Poisuo),Ben Affleck's The Accountant 2 Trailer Kills Off A Major Character From The First Movie,"Ben Affleck's Christian Wolff is back to crunch more numbers (and heads) in the trailer for The Accountant 2, the sequel to his 2016 action thriller.",https://www.slashfilm.com/1788647/the-accountant-2-trailer-ben-affleck-jon-bernthal/,https://www.slashfilm.com/img/gallery/the-accountant-2-trailer/l-intro-1739455053.jpg,2025-02-13T15:07:22Z,"Ben Affleck's 2016 action thriller ""The Accountant"" has enjoyed a fair bit of a success as of late. In the spring of 2024, it became Netflix's number one movie as viewers tuned in to enjoy the Gavin … [+1017 chars]",0.15625
"{'id': None, 'name': 'Deadline'}",dianalodderhose,"Idris Elba, Deepak Chopra, Tems & Wyclef Jean Among Speakers Set For SXSW London","Idris Elba, Deepak Chopra, Katherine Ryan, Wyclef Jean, Tems, Jenn Nkiru, Jean-Michel Jarre and Joe Wicks are among the speakers set for the first edition of South by Southwest London this summer.  “Attendees will hear from industry leaders at the cutting edg…",http://deadline.com/2025/02/idris-elba-deepak-chopra-tems-wyclef-jean-among-speakers-set-for-sxsw-london-1236285268/,https://deadline.com/wp-content/uploads/2024/09/Picture1-e1727691727369.jpg?w=677,2025-02-11T08:55:00Z,"Idris Elba, Deepak Chopra, Katherine Ryan, Wyclef Jean, Tems, Jenn Nkiru, Jean-Michel Jarre and Joe Wicks are among the speakers set for the first edition of South by Southwest London this summer. 
… [+2263 chars]",0.0
"{'id': None, 'name': 'FOX 2 Detroit'}",Alan Longstreet,Detroit snow forecast: Early model shows significant snow in Southeast Michigan,An early model is showing that we could see up to a foot of snow in parts of Southeast Michigan Wednesday into Thursday.,https://www.fox2detroit.com/weather/detroit-snow-forecast-early-model-shows-significant-snow-southeast-michigan,https://s.yimg.com/ny/api/res/1.2/kAV2gNPtjS0y8gptYigSWA--/YXBwaWQ9aGlnaGxhbmRlcjt3PTEyMDA7aD02NzU-/https://media.zenfs.com/en/wjbk_fox_local_articles_927/bf5e2d4b0aae35e2f3b6176f1a933153,2025-02-10T17:14:33Z,"The Brief
<ul><li>Between 3 and 6 inches of snow is expected starting on Wednesday.
</li><li>More snow is possible on Saturday.
</li><li>Metro Detroit's snow totals are almost half of the seasonal… [+3240 chars]",0.2375
"{'id': 'abc-news', 'name': 'ABC News'}",ABC News,WATCH: Thieves begin targeting eggs,"The bird flu outbreak has sent the price of eggs to record highs, leading to egg thefts in Seattle and Pennsylvania.",https://abcnews.go.com/WNT/video/thieves-begin-targeting-eggs-118638960,https://i.abcnewsfe.com/a/1a8460d4-18b8-405a-95af-3e1164beb0e0/250209_wn_ejiochi_bird_flu4_hpMain_16x9.jpg?w=992,2025-02-10T03:16:00Z,"<ul><li>White House challenges authority of courts
</li><li>Trump brings unprecedented security to the 2025 Super Bowl
</li><li>Talks start for second phase of Israel-Hamas ceasefire deal
</li><li… [+4202 chars]",0.0
"{'id': 'abc-news', 'name': 'ABC News'}",ABC News,WATCH: 1-of-a-kind animal shelter helps the little guys,"The Pipsqueakery in Bloomington, Indiana, cares for 700 small animals at a time.",https://abcnews.go.com/US/video/kind-animal-shelter-helps-guys-118644180,https://i.abcnewsfe.com/a/510c6c7c-9c5c-4fac-9f19-591873f61224/250210_gmafl_animal_shelter_hpMain_16x9.jpg?w=992,2025-02-10T11:47:48Z,"<ul><li>White House challenges authority of courts
</li><li>Trump brings unprecedented security to the 2025 Super Bowl
</li><li>Talks start for second phase of Israel-Hamas ceasefire deal
</li><li… [+4202 chars]",-0.1875
"{'id': 'abc-news', 'name': 'ABC News'}",ABC News,WATCH: Bronx Zoo welcomes baby silvered langur monkey,New York's Bronx Zoo announced that a male baby silvered langur is now on exhibit.,https://abcnews.go.com/US/video/bronx-zoo-welcomes-baby-silvered-langur-monkey-118631484,https://i.abcnewsfe.com/a/62062b6d-c96a-4a47-bfb4-c5099db76f0e/250209_abc_social_silver_langur_monkey7_hpMain_16x9.jpg?w=992,2025-02-09T22:14:06Z,"<ul><li>Major budget battle, confirmations ahead for Trump administration
</li><li>The possible outcomes of Trump administrations latest policy changes
</li><li>Judge temporarily blocks Elon Musks … [+4252 chars]",-0.05
"{'id': 'abc-news', 'name': 'ABC News'}",ABC News,WATCH: Footage captures snow-covered shores after NY winter storm,"Drone footage captured a beach in Southampton, New York, covered in snow after a winter storm hit the region.",https://abcnews.go.com/US/video/footage-captures-snow-covered-shores-after-ny-winter-118631835,https://i.abcnewsfe.com/a/c94152ca-8e1d-42bf-9583-08eaf59b4058/250209_abc_social_ny_winter_storm1_hpMain_16x9.jpg?w=992,2025-02-09T22:15:53Z,"<ul><li>Major budget battle, confirmations ahead for Trump administration
</li><li>The possible outcomes of Trump administrations latest policy changes
</li><li>Judge temporarily blocks Elon Musks … [+4252 chars]",0.0
"{'id': 'abc-news', 'name': 'ABC News'}",Luis Martinez,Democratic senators want more details on costs and impact of border mission,Democratic senators want more details on the costs and impact of the border mission and migrant detentions at Guantanamo.,https://abcnews.go.com/Politics/democratic-senators-details-costs-impact-border-mission/story?id=118804121,https://i.abcnewsfe.com/a/10e5887e-4a1f-428c-8941-d1dc67bba692/military1-file-gty-ml-250214_1739535161004_hpMain_16x9.jpg?w=1600,2025-02-14T15:07:02Z,After senior U.S. military officials told Congress they do not know yet how much the surge of active-duty military forces to the southern border with Mexico and the buildup of infrastructure to house… [+4934 chars],0.5
"{'id': None, 'name': 'NASA'}",Roxana Bardan,NASA Invites Media to Discuss PUNCH Mission to Study Solar Wind,"NASA will hold a media teleconference at 2 p.m. EST on Tuesday, Feb. 4, to share information about the agency’s upcoming PUNCH (Polarimeter to Unify the Corona and Heliosphere) mission, which is targeted to launch no earlier than Thursday, Feb. 27. The agency…",https://www.nasa.gov/news-release/nasa-invites-media-to-discuss-punch-mission-to-study-solar-wind/,https://www.nasa.gov/wp-content/uploads/2025/01/punch-illustration.png,2025-01-29T21:00:29Z,"NASA will hold a media teleconference at 2 p.m. EST on Tuesday, Feb. 4, to share information about the agencys upcoming PUNCH (Polarimeter to Unify the Corona and Heliosphere) mission, which is targe… [+1836 chars]",0.0
"{'id': 'time', 'name': 'Time'}",Jeffrey Sonnenfeld and Stephen Henriques,What Republicans Don’t Want To Say: Blue States Are the Ones Bailing Out Red States,A new five-year assessment of state-level inflows and outflows of federal funds finds red states are being propped up by blue states.,https://time.com/7222411/blue-states-are-bailing-out-red-states/,https://api.time.com/wp-content/uploads/2025/02/House-Republican-Leadership.jpg?quality=85&w=1024&h=628&crop=1,2025-02-14T11:30:00Z,"The red state denial of fiscal responsibility is manifest today as misguided voices champion the economic virtues of red states. For instance, President Donald Trump and the GOP have threatened to bl… [+6505 chars]",0.0
"{'id': None, 'name': 'Viewfromthewing.com'}",Gary Leff,Southwest Airlines Ends 50 Years of ‘Heart’: Employees Say ‘This Company Will Never Recover’,"The ""heart"" of Southwest Airlines died today, with the company's first layoffs in corporate history.
They did these via videochat, not in person, banning everyone from headquarters. And the messaging isn't ""we're in an existential fight for our lives"" it's ""w…",https://viewfromthewing.com/southwest-airlines-ends-50-years-of-heart-employees-say-this-company-will-never-recover/,https://viewfromthewing.com/wp-content/uploads/2024/11/tap-the-plane.jpg,2025-02-18T22:04:35Z,"The “heart” of Southwest Airlines died today, with the company’s first layoffs in corporate history.
They did these via videochat, not in person, banning everyone from headquarters. And the messagin… [+1780 chars]",0.0
"{'id': None, 'name': 'Viewfromthewing.com'}",Gary Leff,"First-Ever Mass Layoff Coming, As Southwest Airlines Slashes 15% of Corporate Staff: 1,750 To Be Fired Via Zoom Tomorrow","I wrote on Sunday that there were murmurs of layoffs in the offing at Southwest Airlines, and the carrier has now made that announcement to employees.
Continue reading First-Ever Mass Layoff Coming, As Southwest Airlines Slashes 15% of Corporate Staff: 1,750 …",https://viewfromthewing.com/first-ever-mass-layoff-coming-as-southwest-airlines-slashes-15-of-corporate-staff-1750-to-be-fired-via-zoom-tomorrow/,https://viewfromthewing.com/wp-content/uploads/2022/12/20221130_120958.jpg,2025-02-17T22:45:56Z,"I wrote on Sunday that there were murmurs of layoffs in the offing at Southwest Airlines, and the carrier has now made that announcement to employees. The company’s first-ever mass layoff will be cut… [+1542 chars]",0.0
"{'id': None, 'name': 'Yahoo Entertainment'}",Reuters,Southwest Airlines profit exceeds expectations on improved pricing power,"The airline also forecast better-than-expected unit revenue (RASM), a proxy for pricing power, for the first quarter.  Airlines across the U.S. have cut...",https://finance.yahoo.com/news/southwest-airlines-profit-exceeds-expectations-113349635.html,https://media.zenfs.com/en/reuters-finance.com/cae704a30768f8a346b1b9f634114707,2025-01-30T11:33:49Z,"(Reuters) - U.S. budget carrier Southwest Airlines' (LUV) fourth-quarter profit surpassed Wall Street estimates on Thursday, helped by robust travel demand and improved airfares.
The airline also fo… [+1702 chars]",0.0
"{'id': 'polygon', 'name': 'Polygon'}",Johnny Yu,All Totem of Revelations piece locations in Avowed,The Totem of Revelations is one of Avowed’s four god totems — collectibles that grant boons based on how many pieces you find. The Totem of Revelations is the god totem for the Shatterscarp region. All seven fragments of the Totem of Revelations are hidden ar…,https://www.polygon.com/avowed-guides/528933/totem-revelations-locations-pieces-all-shatterscarp,https://platform.polygon.com/wp-content/uploads/sites/2/2025/02/EyesoftheObscuredTotem_AW.jpg?quality=90&strip=all&crop=0%2C3.4613147178592%2C100%2C93.077370564282&w=1200,2025-02-25T18:49:23Z,"The Totem of Revelations is one of Avowed’s four god totems — collectibles that grant boons based on how many pieces you find. The Totem of Revelations is the god totem for the Shatterscarp region.

… [+6344 chars]",0.0
"{'id': None, 'name': 'Viewfromthewing.com'}",Gary Leff,Southwest Capitulates To Wall Street: Selling Planes And Loading Up On Debt For Stock Buybacks,"Elliott said from the beginning that they were interested in Southwest's ""Unlevered Balance Sheet."" They saw a company that could load up on debt. That can fund share buy backs. 
Now here's Southwest Airlines CEO Bob Jordan during the airline's earnings call …",https://viewfromthewing.com/southwest-capitulates-to-wall-street-selling-planes-and-loading-up-on-debt-for-stock-buybacks/,https://viewfromthewing.com/wp-content/uploads/2019/10/southwest-airlines-effects.jpg,2025-02-06T16:58:40Z,Southwest Airlines capitulated to activist investor Elliott Management. They’re cutting legroom and will be charging for seat assignments. They’re scaling back growth plans. But most importantly to a… [+2108 chars],0.0
"{'id': None, 'name': 'Viewfromthewing.com'}",Gary Leff,Southwest Airlines Wanted To Expand—But The Airport Director ‘Worked From Home’ By Ignoring Calls. Now She’s Fired.,"An airport director turned 'work from home' into a no show job. They've been fired, and an investigation finds that they even failed to return phone calls when Southwest Airlines was looking to add service the airport.
Continue reading Southwest Airlines Want…",https://viewfromthewing.com/southwest-airlines-wanted-to-expand-but-the-airport-director-worked-from-home-by-ignoring-calls-now-shes-fired/,https://viewfromthewing.com/wp-content/uploads/2025/02/msn-airport-1.jpg,2025-02-04T22:04:52Z,"An airport director turned ‘work from home’ into a no show job. They’ve been fired, and an investigation finds that they even failed to return phone calls when Southwest Airlines was looking to add s… [+2817 chars]",0.0
"{'id': None, 'name': 'Viewfromthewing.com'}",Gary Leff,"Southwest Airlines Promo: Take 2 Flights Now, Fly With A Companion For Free For 2 Months","This is a pretty good offer for Southwest and for customers. They'll give you a free companion to travel with you for about two months if you book just two one way flights right away (and use them for travel in the next six weeks).
Continue reading Southwest …",https://viewfromthewing.com/southwest-airlines-promo-take-2-flights-now-fly-with-a-companion-for-free-for-2-months/,https://viewfromthewing.com/wp-content/uploads/2022/12/20221130_120719.jpg,2025-02-18T19:46:25Z,This is a pretty good offer for Southwest and for customers. They’ll give you a free companion to travel with you for about two months if you book just two one way flights right away (and use them fo… [+1718 chars],0.6000000000000001
"{'id': None, 'name': 'Viewfromthewing.com'}",Gary Leff,JetBlue Or Breeze: Southwest Airlines Acquisition Speculation Fueled By Flight Attendant Union Leader After Executive Board Meeting,"Southwest Airlines flight attendants union board member Chris Click just came out of an executive board meeting and took to social media, fueling speculation that the carrier could be close to announcing a deal to acquire another airline.
Continue reading Jet…",https://viewfromthewing.com/jetblue-or-breeze-southwest-airlines-acquisition-speculation-fueled-by-flight-attendant-union-leader-after-executive-board-meeting/,https://viewfromthewing.com/wp-content/uploads/2024/07/southwest-at-houston-hobby.jpg,2025-02-15T13:04:24Z,"Southwest Airlines flight attendants union board member Chris Click just came out of an executive board meeting and took to social media, fueling speculation that the carrier could be close to announ… [+1782 chars]",0.2
"{'id': None, 'name': 'Biztoc.com'}",pbs.org,"Pentagon prepares to send more troops to Guantanamo Bay, southwest border to support Trump's agenda","The Pentagon is readying orders for the deployment of at least 1,000 additional active duty troops to bolster President Donald Trump's expanding crackdown on immigration, U.S. officials said Friday.",https://biztoc.com/x/6fdc5081bcb72364,https://biztoc.com/cdn/6fdc5081bcb72364_s.webp,2025-02-01T17:12:10Z,"The Pentagon is readying orders for the deployment of at least 1,000 additional active duty troops to bolster President Donald Trump's expanding crackdown on immigration, U.S. officials said Friday.… [+52 chars]",0.5
"{'id': None, 'name': 'Skift'}",Meghna Maharishi,Southwest Airlines to Lay Off 15% of Workforce in Cost-Cutting Push,"The layoffs are the first in Southwest’s 53-year-old history as the carrier faces pressure to boost its bottom line following a bitter battle with activist investor Elliott Investment Management. 
 -Meghna Maharishi",http://skift.com/2025/02/17/southwest-airlines-to-lay-off-workforce/,https://skift.com/wp-content/uploads/2025/01/N961WN-Southwest-Airlines-Boeing-737-7H4-1-scaled-e1736868208807.jpg,2025-02-17T22:51:44Z,"Southwest Airlines announced Monday that it plans to lay off about 15% of its corporate workforce, or about 1,750 people. 
This decision is unprecedented in our 53-year history, and change requires … [+1535 chars]",0.0
"{'id': None, 'name': 'Science Daily'}",,"Tidal energy measurements help scientists understand Titan's composition, orbital history","Scientists are studying Saturn's moon Titan to assess its tidal dissipation rate, the energy lost as it orbits the ringed planet with its massive gravitational force. Understanding tidal dissipation helps scientists infer many other things about Titan, such a…",https://www.sciencedaily.com/releases/2025/02/250212134829.htm,https://www.sciencedaily.com/images/scidaily-icon.png,2025-02-12T18:48:29Z,"Southwest Research Institute (SwRI) scientists are studying Saturn's moon Titan to assess its tidal dissipation rate, the energy lost as it orbits the ringed planet with its massive gravitational for… [+2867 chars]",0.0
"{'id': None, 'name': 'Viewfromthewing.com'}",Gary Leff,"Seconds From Landing, Southwest Pilots Spot Private Jet Crossing Chicago Runway And Pull Up Just In Time",A Southwest Airlines pilot narrowly averted disaster this morning when their Boeing 737-800 (registration N8517F) was preparing to land at Chicago Midway airport. Flight 2504 from Omaha was in the gradual pitch-up just prior to touchdown when it initiated a g…,https://viewfromthewing.com/seconds-from-landing-southwest-pilots-spot-private-jet-crossing-chicago-runway-and-pull-up-just-in-time/,https://viewfromthewing.com/wp-content/uploads/2025/02/image-1.jpg,2025-02-25T18:23:30Z,A Southwest Airlines pilot narrowly averted disaster this morning when their Boeing 737-800 (registration N8517F) was preparing to land at Chicago Midway airport. Flight 2504 from Omaha was in the gr… [+1395 chars],0.0
"{'id': None, 'name': 'Consequence.net'}",Jon Hadusek,Pallbearer Announce March 2025 US Tour,"The doom metal band will be playing gigs across the Southwest and West Coast throughout March.
Pallbearer Announce March 2025 US Tour
Jon Hadusek",https://consequence.net/2025/01/pallbearer-march-2025-us-tour/,https://consequence.net/wp-content/uploads/2025/01/pallbearer-2025-tour-dates.jpg,2025-01-30T15:21:58Z,"Pallbearer are embarking on a US tour this March, featuring support from Cinder Well.
The run will see the doom metal stalwarts playing gigs across the Southwest and West Coast. Dates kick off March… [+1223 chars]",0.0
"{'id': None, 'name': 'Skift'}",Meghna Maharishi,How Allegiant’s Florida Resort Became a Drain on Its Profits,"Allegiant wanted to go into the hotel business with a sprawling resort in southwest Florida. Now, just over a year later, it’s looking to offload the costly hotel. 
 -Meghna Maharishi",http://skift.com/2025/02/05/how-allegiants-florida-resort-became-a-drain-on-its-profits/,https://skift.com/wp-content/uploads/2025/02/Sunseeker-Resort.jpg,2025-02-05T21:46:47Z,"In December 2023, Allegiant Air officially opened a resort in Charlotte Harbor, Florida. 
The resort, which spans 22 acres, has 20 restaurants and bars, and 785 rooms, was once called transformation… [+3512 chars]",0.0
"{'id': None, 'name': 'BBC News'}",,How does fentanyl get into the US?,President Trump has blamed China for its opioid crisis and imposed sweeping tariffs.,https://www.bbc.com/news/articles/cvg93nn1e6go,https://ichef.bbci.co.uk/news/1024/branded_news/32d0/live/cd24e7e0-e2e9-11ef-a83b-bf768968ed36.jpg,2025-02-04T15:22:47Z,"Kayleen Devlin &amp; Yi Ma
President Donald Trump has imposed sweeping tariffs on Chinese goods, citing Beijing's failure to stop the export of chemicals used in the production of the powerful opioi… [+5461 chars]",0.0
